episode,baseline_mean_return_mean,baseline_mean_return_std,baseline_mean_return_smooth_mean,baseline_success_rate_mean,baseline_success_rate_std,baseline_success_rate_smooth_mean,baseline_collision_rate_mean,baseline_collision_rate_std,baseline_collision_rate_smooth_mean,baseline_mean_speed_mean,baseline_mean_speed_std,baseline_mean_speed_smooth_mean,ours_mean_return_mean,ours_mean_return_std,ours_mean_return_smooth_mean,ours_success_rate_mean,ours_success_rate_std,ours_success_rate_smooth_mean,ours_collision_rate_mean,ours_collision_rate_std,ours_collision_rate_smooth_mean,ours_mean_speed_mean,ours_mean_speed_std,ours_mean_speed_smooth_mean
24,31.789309,2.142181,31.789309,0.110867,0.030817,0.110867,0.722900,0.018413,0.722900,7.560667,0.099503,7.560667,24.180431,13.133630,24.180431,0.138567,0.115869,0.138567,0.804133,0.109156,0.804133,8.559033,0.266070,8.559033
49,1.787052,7.546934,24.288745,0.142533,0.063903,0.118783,0.657433,0.092723,0.706533,8.122467,0.494106,7.701117,1.476736,33.042345,18.504507,0.197033,0.044503,0.153183,0.788367,0.009398,0.800192,8.030200,0.251214,8.426825
74,-26.852736,10.000971,11.503374,0.138267,0.035535,0.123654,0.626933,0.059147,0.686633,7.516733,0.073187,7.655021,-19.338082,12.596962,9.043860,0.133600,0.081613,0.148288,0.729133,0.191584,0.782427,8.748900,0.478734,8.507344
99,-29.701616,7.457596,1.202127,0.183200,0.055093,0.138541,0.607867,0.072516,0.666942,8.315933,0.488647,7.820249,-2.559800,23.053082,6.142945,0.191433,0.039862,0.159074,0.725800,0.029605,0.768270,8.790733,1.021350,8.578191
124,4.915216,3.153846,2.130399,0.181133,0.064496,0.149189,0.730233,0.020553,0.682765,7.877233,0.634700,7.834495,16.170537,23.615671,8.649843,0.173267,0.044535,0.162622,0.849367,0.107156,0.788544,6.917467,0.227846,8.163010
149,44.948831,20.559110,12.835007,0.164767,0.085575,0.153083,0.775233,0.071831,0.705882,8.631667,0.467887,8.033788,43.873127,26.093457,17.455664,0.121800,0.078481,0.152417,0.697533,0.136552,0.765792,8.446867,0.949992,8.233974
174,36.809334,13.392153,18.828589,0.205867,0.090239,0.166279,0.504333,0.006616,0.655495,8.001433,0.645717,8.025699,21.774529,24.790597,18.535380,0.248600,0.022706,0.176462,0.671300,0.068603,0.742169,7.680333,1.147225,8.095564
199,2.519704,3.651009,14.751368,0.180533,0.072107,0.169843,0.690033,0.060691,0.664129,8.533367,0.416298,8.152616,4.571221,37.435768,15.044341,0.269367,0.091939,0.199689,0.704167,0.017007,0.732668,7.417467,0.418748,7.926040
224,-24.215930,4.397310,5.009543,0.136100,0.040852,0.161407,0.628633,0.047428,0.655255,7.750333,0.201053,8.052045,-20.997922,14.830321,6.033775,0.313100,0.087315,0.228041,0.474067,0.063372,0.668018,7.684067,0.329902,7.865546
249,-25.812947,9.803740,-2.696079,0.203533,0.104733,0.171939,0.543933,0.057233,0.627425,7.606733,0.199452,7.940717,-5.543849,20.043084,3.139369,0.276100,0.048123,0.240056,0.595100,0.057527,0.649788,8.306467,1.254937,7.975776
274,-4.270423,4.781873,-3.089665,0.304833,0.030573,0.205162,0.526100,0.135626,0.602094,8.381867,0.150538,8.051005,-6.954977,27.158012,0.615783,0.322533,0.047239,0.260675,0.736067,0.112243,0.671358,8.028567,0.266561,7.988974
299,8.297346,6.889107,-0.242912,0.274433,0.046460,0.222480,0.521900,0.047561,0.582045,8.326533,0.828548,8.119887,11.861312,13.971957,3.427165,0.243667,0.048137,0.256423,0.662600,0.029341,0.669168,9.667500,0.641815,8.408606
324,28.927209,6.599631,7.049618,0.231200,0.028432,0.224660,0.568833,0.017903,0.578742,8.482200,0.396095,8.210465,14.713823,14.260829,6.248830,0.353600,0.162857,0.280717,0.660633,0.121078,0.667035,8.931733,0.166166,8.539387
349,-7.258970,11.349525,3.472471,0.225633,0.098499,0.224903,0.555233,0.040903,0.572865,8.868067,0.508024,8.374866,-12.674680,34.631671,1.517952,0.259967,0.094577,0.275530,0.617567,0.118093,0.654668,10.715433,0.667396,9.083399
374,-23.446132,4.676476,-3.257180,0.322300,0.080244,0.249253,0.474033,0.038502,0.548157,9.891167,0.366051,8.753941,-12.457047,11.272401,-1.975798,0.316133,0.044704,0.285681,0.560167,0.053319,0.631042,10.479100,0.621698,9.432324
399,-15.909330,4.631471,-6.420217,0.367533,0.022055,0.278823,0.482433,0.051995,0.531726,9.375700,0.518027,8.909381,-7.756662,10.595264,-3.421014,0.353800,0.011390,0.302710,0.578400,0.125644,0.617882,9.061133,0.324834,9.339526
424,13.912220,15.794752,-1.337108,0.291200,0.084177,0.281917,0.476133,0.037733,0.517828,9.911700,0.319773,9.159960,4.741489,24.457407,-1.380388,0.293467,0.115623,0.300400,0.526200,0.028665,0.594961,9.986300,0.891567,9.501220
449,45.794484,12.108043,10.445790,0.294867,0.017234,0.285154,0.544500,0.055853,0.524496,9.407867,0.669460,9.221937,34.223382,18.711619,7.520555,0.346467,0.067135,0.311916,0.486867,0.031889,0.567938,10.534900,0.806684,9.759640
474,41.973447,7.069269,18.327704,0.386767,0.087644,0.310558,0.547500,0.098318,0.530247,9.847000,0.203610,9.378203,36.583587,8.889290,14.786313,0.396933,0.057597,0.333171,0.462467,0.129529,0.541570,9.799767,0.663693,9.769672
499,22.457747,1.321726,19.360215,0.307467,0.084593,0.309785,0.483367,0.075475,0.518527,9.438733,0.369819,9.393335,23.700315,18.228633,17.014813,0.458700,0.039929,0.364553,0.545267,0.049627,0.542494,9.514167,0.150482,9.705795
524,-7.312951,5.706581,12.691923,0.374667,0.039681,0.326005,0.506267,0.074132,0.515462,9.609900,0.714728,9.447477,13.605988,21.605926,16.162607,0.449567,0.055281,0.385806,0.528933,0.104295,0.539104,9.873767,0.370918,9.747788
549,-11.441125,8.473316,6.658661,0.353633,0.047018,0.332912,0.450533,0.007663,0.499230,9.239700,0.637640,9.395532,16.195015,13.067561,16.170709,0.345967,0.066653,0.375846,0.546933,0.067388,0.541061,10.587633,0.948458,9.957749
574,15.227789,4.511854,8.800943,0.350367,0.028469,0.337276,0.377667,0.067043,0.468839,9.667800,0.541574,9.463599,36.774995,25.619021,21.321780,0.378067,0.061450,0.376401,0.517300,0.067034,0.535121,9.993867,0.809211,9.966779
599,46.957249,4.799390,18.340020,0.376433,0.051740,0.347065,0.517800,0.027367,0.481079,9.433400,0.455470,9.456049,46.140970,19.134041,27.526578,0.491867,0.041635,0.405268,0.478733,0.056760,0.521024,9.329800,0.448440,9.807534
624,38.538079,2.011038,23.389535,0.395100,0.070073,0.359074,0.427633,0.031428,0.467718,9.541567,0.355401,9.477429,46.890053,1.970060,32.367447,0.461333,0.055042,0.419284,0.438200,0.031325,0.500318,10.339800,0.639285,9.940601
649,12.525428,6.841059,20.673508,0.412733,0.024430,0.372489,0.312800,0.030651,0.428988,9.390667,0.625866,9.455738,11.970768,14.121352,27.268277,0.410500,0.067524,0.417088,0.426967,0.027965,0.481980,9.950267,0.551853,9.943017
674,-21.725962,12.951868,10.073640,0.408133,0.026089,0.381400,0.437667,0.020561,0.431158,9.921700,0.868599,9.572229,-12.509162,25.709060,17.323917,0.374233,0.020296,0.406374,0.425000,0.115180,0.467735,10.935233,0.836892,10.191071
699,-25.491430,7.866955,1.182373,0.408000,0.038803,0.388050,0.433200,0.057229,0.431668,10.194933,0.653355,9.727905,3.110431,4.535018,13.770546,0.492033,0.080181,0.427789,0.377367,0.018693,0.445143,11.282767,0.513714,10.463995
724,-6.755066,9.000616,-0.801987,0.418833,0.012590,0.395746,0.347067,0.068648,0.410518,10.361033,0.455206,9.886187,10.539228,27.324056,12.962716,0.547600,0.050652,0.457742,0.334400,0.078670,0.417457,10.861233,1.442056,10.563305
749,30.168221,9.622412,6.940565,0.398200,0.011615,0.396359,0.401333,0.062183,0.408222,11.076500,0.423692,10.183765,23.679202,21.971941,15.641838,0.496567,0.051099,0.467448,0.376500,0.075856,0.407218,11.196767,0.749430,10.721670
774,15.746953,4.814513,9.142162,0.467700,0.129712,0.414195,0.326267,0.104922,0.387733,9.968167,1.234534,10.129866,21.661037,7.402877,17.146638,0.519367,0.073642,0.480428,0.433000,0.047969,0.413663,11.215067,0.468079,10.845019
799,14.148385,17.063434,10.393718,0.371033,0.047669,0.403404,0.373533,0.066871,0.384183,10.077533,0.433776,10.116783,6.016700,27.261096,14.364153,0.560967,0.087700,0.500562,0.419667,0.058024,0.415164,11.206267,0.676123,10.935331
824,-8.481730,7.516725,5.674856,0.429933,0.049323,0.410036,0.381600,0.033464,0.383537,10.440033,0.372145,10.197595,-13.407310,17.105081,7.421287,0.569867,0.082684,0.517889,0.358700,0.042908,0.401048,11.724200,0.310380,11.132548
849,-9.853268,10.960717,1.792825,0.498633,0.093282,0.432186,0.434133,0.037001,0.396186,10.075533,0.399103,10.167080,-2.298099,11.478467,4.991441,0.543300,0.057210,0.524241,0.399267,0.079552,0.400603,11.302133,0.598875,11.174945
874,25.090218,1.863135,7.617173,0.523700,0.070009,0.455064,0.343367,0.083359,0.382981,10.213267,0.236699,10.178626,15.083854,25.750819,7.514544,0.550367,0.019218,0.530773,0.416167,0.122420,0.404494,11.168633,0.288357,11.173367
899,44.672944,7.018320,16.881116,0.522967,0.109432,0.472040,0.437833,0.015369,0.396694,9.937267,0.590771,10.118287,40.757179,13.031104,15.825203,0.541467,0.098294,0.533446,0.337667,0.167350,0.387787,10.550633,0.294034,11.017683
924,58.465861,2.824266,27.277302,0.468233,0.029658,0.471088,0.377967,0.071674,0.392012,10.176367,0.154250,10.132807,44.221524,8.760995,22.924283,0.522933,0.131556,0.530818,0.315467,0.039363,0.369707,11.776400,0.156604,11.207363
949,30.956902,8.390006,28.197202,0.429933,0.058851,0.460800,0.435967,0.059747,0.403001,10.453733,0.208933,10.213038,18.692532,26.169065,21.866345,0.529100,0.061472,0.530388,0.268967,0.024192,0.344522,11.345433,0.048816,11.241880
974,4.663657,4.474058,22.313816,0.474200,0.030873,0.464150,0.331967,0.039981,0.385242,9.941900,0.766940,10.145254,10.990836,12.610093,19.147468,0.588200,0.050539,0.544841,0.269433,0.026449,0.325750,12.152433,0.239288,11.469519
999,5.204475,6.587659,18.036481,0.500367,0.073499,0.473204,0.337167,0.078304,0.373223,10.666000,0.467110,10.275440,18.644883,11.345291,19.021822,0.531733,0.090520,0.541564,0.311867,0.067501,0.322279,12.594300,0.225711,11.750714
1024,19.103518,12.500860,18.303240,0.558367,0.041154,0.494495,0.352667,0.074792,0.368084,11.445367,0.440020,10.567922,41.493086,16.427384,24.639638,0.505033,0.048828,0.532432,0.343433,0.020058,0.327568,11.701567,0.869353,11.738427
1049,42.079020,6.643389,24.247185,0.463300,0.099233,0.486696,0.348867,0.075932,0.363280,11.460233,0.447507,10.791000,44.339940,11.617051,29.564713,0.592067,0.030603,0.547340,0.279067,0.026106,0.315442,12.237067,0.063231,11.863087
1074,38.548000,4.427730,27.822389,0.471133,0.051031,0.482805,0.327400,0.073077,0.354310,10.859367,0.428905,10.808091,49.847629,12.815627,34.635442,0.635367,0.054811,0.569347,0.359233,0.144845,0.326390,12.511667,0.178992,12.025232
1099,18.591068,7.522652,25.514558,0.557800,0.035671,0.501554,0.322367,0.061206,0.346324,11.673733,0.355689,11.024502,29.055060,22.277248,33.240347,0.663500,0.030036,0.592885,0.409867,0.081748,0.347259,12.588200,1.394439,12.165974
1124,0.280814,2.140138,19.206122,0.513467,0.043134,0.504532,0.380767,0.020061,0.354935,11.049367,0.586152,11.030718,17.174201,17.294705,29.223810,0.632867,0.119590,0.602881,0.312167,0.016919,0.338486,12.275133,0.735559,12.193264
1149,-3.502225,3.309033,13.529035,0.534700,0.023967,0.512074,0.354267,0.051278,0.354768,11.004733,0.422341,11.024222,5.484136,6.332128,23.288892,0.630733,0.028879,0.609844,0.269033,0.066985,0.321123,12.476967,0.160736,12.264190
1174,16.497388,4.071646,14.271124,0.506600,0.046311,0.510706,0.316233,0.067056,0.345134,11.427900,0.649589,11.125141,14.807210,22.500183,21.168471,0.686000,0.023338,0.628883,0.223033,0.092195,0.296601,11.991700,0.252804,12.196067
1199,41.160305,7.327657,20.993419,0.600267,0.065637,0.533096,0.317933,0.123418,0.338334,10.757167,0.533976,11.033148,33.575366,23.974247,24.270195,0.650467,0.049298,0.634279,0.329433,0.065675,0.304809,12.314800,0.702184,12.225750
1224,45.138541,6.928174,27.029699,0.569500,0.045136,0.542197,0.391467,0.020925,0.351617,11.257600,1.182456,11.089261,32.614427,10.774398,26.356253,0.649500,0.048776,0.638084,0.271633,0.062477,0.296515,11.933467,0.218314,12.152679
1249,36.710140,8.080113,29.449810,0.508633,0.023812,0.533806,0.288700,0.043891,0.335888,10.827400,0.531382,11.023796,15.237543,14.424023,23.576576,0.628700,0.016242,0.635738,0.195433,0.069948,0.271244,11.528567,0.588014,11.996651
1274,24.242880,2.349923,28.148077,0.526200,0.050274,0.531904,0.348133,0.002205,0.338949,11.569767,0.290412,11.160288,2.750230,17.244910,18.369989,0.679900,0.033065,0.646779,0.260667,0.050974,0.268600,12.532567,0.167824,12.130630
1299,23.710553,3.973036,27.038696,0.608633,0.071380,0.551087,0.333033,0.042526,0.337470,11.481500,0.184410,11.240591,4.398901,1.468809,14.877217,0.735067,0.051085,0.668851,0.225667,0.087224,0.257867,12.970400,0.366027,12.340573
1324,48.328517,5.920244,32.361151,0.532767,0.017279,0.546507,0.350100,0.053935,0.340628,11.486900,0.381826,11.302168,28.239648,19.821934,18.217825,0.624733,0.080708,0.657821,0.340133,0.031725,0.278433,13.055867,0.323956,12.519396
1349,74.901513,4.760845,42.996242,0.561267,0.010574,0.550197,0.304600,0.047555,0.331621,11.777567,0.571555,11.421018,41.923669,9.997294,24.144286,0.672833,0.018775,0.661574,0.261100,0.073412,0.274100,13.105233,0.270944,12.665855
1374,71.651455,2.622894,50.160045,0.539533,0.019392,0.547531,0.355733,0.026451,0.337649,11.945633,0.434235,11.552172,35.221446,12.024499,26.913576,0.658433,0.050925,0.660789,0.201667,0.026993,0.255992,12.942033,0.341295,12.734900
1399,53.970042,6.063889,51.112544,0.657200,0.004863,0.574948,0.344167,0.003120,0.339278,12.053700,0.328062,11.677554,32.267539,21.948419,28.252067,0.652967,0.047743,0.658833,0.238067,0.023568,0.251510,13.607900,0.769592,12.953150
1424,41.744049,5.062304,48.770421,0.629567,0.022379,0.588603,0.398100,0.056869,0.353984,11.957433,0.614661,11.747524,18.940660,3.670412,25.924215,0.615100,0.076793,0.647900,0.167167,0.105482,0.230424,13.412967,0.352989,13.068104
1449,32.441066,1.389615,44.688082,0.580533,0.045450,0.586585,0.353433,0.022377,0.353846,11.935100,0.742581,11.794418,29.228962,1.154150,26.750402,0.695933,0.038709,0.659908,0.287967,0.038587,0.244810,13.747467,0.623503,13.237945
1474,49.331430,7.442558,45.848919,0.618700,0.021609,0.594614,0.287533,0.064458,0.337268,11.639833,0.281383,11.755772,39.770244,17.317877,30.005362,0.681467,0.028140,0.665298,0.275300,0.042913,0.252433,13.575667,0.859202,13.322375
1499,70.102519,7.222284,51.912319,0.712067,0.034150,0.623977,0.326300,0.063881,0.334526,11.846300,0.498540,11.778404,55.965069,7.720795,36.495289,0.621433,0.013553,0.654332,0.227300,0.051489,0.246149,13.128067,0.710369,13.273798
1524,75.308307,4.781624,57.761316,0.634400,0.033056,0.626583,0.300600,0.029017,0.326044,11.286333,0.226022,11.655386,52.147614,4.742987,40.408370,0.704033,0.039341,0.666757,0.238567,0.022566,0.244254,12.694600,0.892615,13.128999
1549,58.783743,8.635031,58.016923,0.650800,0.069177,0.632637,0.293433,0.045808,0.317892,12.006633,0.357487,11.743198,37.956753,15.109829,39.795466,0.688300,0.037233,0.672143,0.246733,0.070200,0.244874,13.163867,0.635940,13.137716
1574,45.263809,3.435015,54.828644,0.673433,0.051939,0.642836,0.312167,0.043815,0.316460,12.127833,0.463010,11.839357,22.524066,13.416341,35.477616,0.720200,0.049765,0.684157,0.228133,0.045613,0.240689,12.976100,0.760872,13.097312
1599,45.100634,5.910889,52.396642,0.684167,0.058693,0.653169,0.358600,0.024890,0.326995,12.072133,0.598106,11.897551,15.348268,1.471029,30.445279,0.709900,0.034686,0.690593,0.245600,0.046391,0.241916,12.578633,0.663315,12.967642
1624,62.206213,6.038738,54.849035,0.670967,0.049782,0.657618,0.317133,0.065524,0.324530,12.778367,0.693164,12.117755,31.032340,18.637245,30.592044,0.756633,0.029816,0.707103,0.228233,0.044644,0.238496,13.102533,0.189914,13.001365
1649,78.894285,6.167966,60.860347,0.619933,0.018580,0.648197,0.318233,0.063868,0.322956,12.854067,0.362890,12.301833,40.171902,14.736652,32.987009,0.632767,0.032174,0.688519,0.146500,0.055858,0.215497,13.469967,0.131544,13.118515
1674,86.669787,6.635197,67.312707,0.731933,0.043986,0.669131,0.299200,0.061032,0.317017,13.023267,0.144290,12.482191,35.648732,1.938203,33.652440,0.742333,0.048067,0.701973,0.233300,0.032129,0.219948,12.937533,0.340413,13.073270
1699,81.921444,5.952427,70.964891,0.659867,0.024903,0.666815,0.252833,0.047223,0.300971,12.750133,0.359082,12.549177,28.268798,20.788880,32.306529,0.737700,0.061382,0.710904,0.288000,0.021236,0.236961,13.286267,0.402836,13.126519
1724,74.700390,7.363107,71.898766,0.672633,0.023569,0.668270,0.338400,0.019888,0.310328,12.889000,0.182186,12.634133,9.197705,17.990856,26.529323,0.734900,0.076780,0.716903,0.192867,0.066900,0.225937,13.752033,0.326619,13.282898
1749,61.939187,4.419219,69.408871,0.726100,0.035410,0.682727,0.370367,0.023846,0.325338,12.680400,0.687369,12.645699,10.098421,6.414091,22.421598,0.742800,0.081019,0.723377,0.233600,0.027356,0.227853,13.931067,0.427933,13.444940
1774,81.173841,4.483813,72.350114,0.711500,0.012472,0.689920,0.360933,0.035170,0.334237,12.536167,0.238842,12.618316,27.252062,8.207872,23.629214,0.697000,0.021265,0.716783,0.164800,0.050887,0.212090,13.483700,0.480255,13.454630
1799,92.098876,2.560451,77.287304,0.692567,0.012818,0.690582,0.342900,0.052571,0.336403,12.678233,0.644386,12.633296,32.424967,16.762660,25.828152,0.705967,0.014565,0.714079,0.201300,0.002334,0.209392,13.709867,0.933809,13.518439
1824,88.800457,1.942757,80.165592,0.764567,0.043074,0.709078,0.354933,0.061172,0.341035,12.426233,0.400942,12.581530,43.001179,9.326119,30.121409,0.771833,0.037979,0.728518,0.235300,0.069805,0.215869,13.370633,0.308119,13.481488
1849,83.381484,4.323482,80.969565,0.727567,0.011726,0.713700,0.305500,0.018771,0.332151,12.591167,0.465656,12.583939,31.536830,14.703122,30.475264,0.739367,0.068722,0.731230,0.188267,0.047448,0.208969,13.553633,0.679468,13.499524
1874,64.712309,5.197884,76.905251,0.685233,0.052448,0.706584,0.295400,0.018604,0.322964,12.919433,0.614725,12.667813,20.834614,13.703767,28.065101,0.758767,0.011996,0.738114,0.203967,0.070220,0.207718,13.266767,0.576240,13.441335
1899,57.248417,6.386253,71.991043,0.743200,0.036507,0.715738,0.269567,0.059458,0.309614,12.635367,0.206231,12.659701,28.057512,2.418072,28.063204,0.729367,0.021087,0.735927,0.171567,0.053012,0.198680,13.790533,0.299883,13.528634
1924,56.137501,5.705836,68.027657,0.691667,0.033925,0.709720,0.296200,0.030050,0.306261,13.069067,0.565283,12.762043,35.583164,10.337583,29.943194,0.726433,0.034252,0.733554,0.168433,0.040003,0.191119,13.016333,0.620629,13.400559
1949,71.207025,2.766704,68.822499,0.681400,0.067989,0.702640,0.317600,0.031593,0.309096,12.534833,0.346231,12.705240,49.564385,14.027808,34.848492,0.746567,0.011270,0.736807,0.129367,0.029575,0.175681,13.532400,0.791930,13.433519
1974,69.535802,5.082266,69.000825,0.656267,0.023893,0.691047,0.287867,0.033576,0.303788,13.085133,0.563300,12.800214,46.169401,7.891659,37.678719,0.723533,0.048586,0.733489,0.183367,0.084638,0.177602,13.222467,0.291406,13.380756
1999,54.158688,3.692588,65.290291,0.685400,0.035289,0.689635,0.277700,0.044079,0.297266,12.959467,0.625339,12.840027,32.525771,17.223427,36.390482,0.694367,0.101196,0.723708,0.179567,0.025930,0.178093,13.670233,0.518887,13.453125
2024,43.934332,6.018487,59.951301,0.717800,0.036351,0.696676,0.231267,0.060602,0.280766,12.778867,0.246051,12.824737,30.641059,8.829174,34.953126,0.743967,0.045775,0.728773,0.209833,0.028865,0.186028,13.561867,0.228015,13.480311
2049,33.157792,2.695849,53.252924,0.666400,0.013935,0.689107,0.286800,0.015146,0.282275,12.579867,0.546076,12.763519,28.867627,3.208917,33.431751,0.777867,0.078202,0.741046,0.123300,0.052166,0.170346,14.031233,0.718693,13.618041
2074,43.027564,3.740929,50.696584,0.652900,0.035926,0.680055,0.265000,0.041771,0.277956,12.608233,0.473427,12.724698,35.525980,8.429720,33.955308,0.744967,0.033966,0.742026,0.175633,0.055182,0.171668,14.045000,0.251197,13.724781
2099,57.550548,4.930599,52.410075,0.676933,0.029411,0.679275,0.279200,0.011677,0.278267,12.460000,0.092773,12.658523,38.252505,6.832921,35.029608,0.784733,0.015617,0.752703,0.180267,0.044798,0.173818,14.305667,0.238364,13.870002
2124,60.572689,2.473891,54.450728,0.704733,0.052456,0.685639,0.227033,0.014665,0.265459,12.100633,0.205869,12.519051,39.599562,4.801945,36.172096,0.770000,0.029707,0.757027,0.181633,0.045818,0.175772,13.889833,0.488618,13.874960
2149,46.782551,4.319198,52.533684,0.680967,0.014505,0.684471,0.266600,0.015519,0.265744,12.451800,0.714039,12.502238,28.413255,12.532961,34.232386,0.755033,0.039043,0.756529,0.161133,0.063126,0.172112,13.467900,0.240733,13.773195
2174,33.458862,7.483009,47.764979,0.688433,0.026237,0.685462,0.252967,0.047422,0.262550,12.263667,0.353609,12.442595,22.516636,5.258963,31.303448,0.778167,0.022872,0.761938,0.208033,0.031571,0.181092,13.909967,0.592063,13.807388
2199,30.316572,1.438913,43.402877,0.681067,0.032758,0.684363,0.244367,0.042467,0.258004,12.419100,0.192103,12.436721,18.867437,4.707544,28.194446,0.756633,0.069369,0.760612,0.133400,0.007161,0.169169,13.831433,0.343546,13.813399
2224,37.438712,6.893877,41.911836,0.673400,0.028785,0.681622,0.217733,0.026746,0.247936,12.367733,0.141608,12.419474,25.430001,9.209667,27.503334,0.736967,0.008206,0.754701,0.144467,0.034313,0.162994,13.872167,0.611103,13.828091
2249,42.817659,4.728222,42.138292,0.681700,0.029870,0.681642,0.244100,0.037271,0.246977,12.453833,0.426110,12.428064,36.792109,9.724021,29.825528,0.770900,0.017240,0.758751,0.144300,0.034421,0.158320,13.610267,0.700086,13.773635
2274,39.858439,2.312004,41.568328,0.668533,0.047504,0.678365,0.214967,0.040047,0.238975,12.550333,0.360149,12.458631,29.517948,6.733741,29.748633,0.731667,0.067759,0.751980,0.153500,0.031644,0.157115,13.560900,0.305843,13.720451
2299,34.925105,1.855458,39.907523,0.672167,0.059657,0.676815,0.210767,0.003953,0.231923,12.426567,0.687456,12.450615,32.042469,11.759886,30.322092,0.753367,0.025849,0.752326,0.135233,0.053971,0.151645,14.444433,0.426485,13.901447
2324,19.480324,2.817493,34.800723,0.645700,0.026473,0.669036,0.232867,0.026660,0.232159,12.643967,0.371829,12.498953,27.160749,6.068978,29.531756,0.732900,0.008114,0.747470,0.146533,0.024869,0.150367,13.667533,0.521024,13.842968
2349,9.739942,4.454021,28.535528,0.648133,0.027745,0.663811,0.227233,0.023890,0.230927,12.318767,0.799618,12.453906,29.298242,4.174620,29.473378,0.755200,0.010032,0.749402,0.112467,0.009264,0.140892,13.762733,0.569603,13.822910
2374,14.659744,2.770017,25.066582,0.628933,0.048552,0.655091,0.234100,0.039060,0.231720,12.266700,0.293254,12.407105,32.131104,4.022472,30.137810,0.795200,0.034074,0.760852,0.149667,0.024253,0.143086,14.033233,0.377033,13.875491
2399,27.919035,5.687860,25.779695,0.658700,0.031951,0.655993,0.246933,0.023583,0.235524,12.310433,0.605746,12.382937,41.535130,7.825283,32.987140,0.790833,0.014056,0.768347,0.155033,0.008560,0.146072,14.246033,0.375499,13.968126
2424,27.405104,0.284675,26.186047,0.638533,0.037668,0.651628,0.223133,0.017993,0.232426,12.093567,0.364165,12.310594,44.722526,2.824566,35.920986,0.795333,0.027682,0.775094,0.149433,0.027922,0.146913,14.083167,0.149535,13.996886
2449,20.513638,2.175533,24.767945,0.659400,0.031558,0.653571,0.256333,0.042090,0.238403,11.844167,0.450329,12.193987,39.896874,5.606720,36.914958,0.774100,0.032222,0.774845,0.127367,0.041809,0.142026,14.092867,0.194970,14.020881
2474,11.048968,2.631521,21.338201,0.628500,0.012409,0.647303,0.262100,0.004900,0.244327,12.038033,0.258093,12.154999,32.485873,9.796717,35.807687,0.779267,0.037224,0.775951,0.154167,0.004973,0.145061,14.228567,0.557873,14.072803
2499,10.712250,1.964425,18.681713,0.631133,0.025044,0.643261,0.256667,0.014348,0.247412,11.959933,0.242538,12.106233,32.458304,1.737607,34.970341,0.775167,0.025308,0.775755,0.182567,0.044462,0.154438,14.339200,0.454241,14.139402
2524,15.770570,0.210051,17.953927,0.659067,0.012115,0.647212,0.247833,0.022682,0.247517,12.206600,0.398913,12.131324,29.884437,6.968475,33.698865,0.781500,0.052355,0.777191,0.179667,0.032974,0.160745,13.943700,0.482755,14.090477
2549,26.800166,5.517418,20.165487,0.626767,0.036501,0.642101,0.196767,0.027237,0.234830,12.002933,0.618878,12.099227,36.640274,4.471228,34.434217,0.794200,0.037660,0.781443,0.165833,0.026167,0.162017,14.219533,0.712370,14.122741
2574,30.718665,3.031109,22.803781,0.672300,0.013560,0.649651,0.243200,0.019150,0.236922,12.593600,0.461501,12.222820,40.046597,2.249463,35.837312,0.767700,0.006943,0.778007,0.139200,0.010893,0.156313,14.198000,0.306991,14.141556
2599,27.835907,2.527807,24.061813,0.632967,0.031846,0.645480,0.209633,0.020285,0.230100,12.624733,0.543540,12.323298,30.308353,7.340581,34.455072,0.771400,0.045242,0.776356,0.140733,0.021425,0.152418,14.017133,0.482361,14.110450
2624,16.704059,3.718256,22.222374,0.648567,0.023506,0.646251,0.221333,0.024621,0.227908,12.155933,0.387674,12.281457,23.487430,5.688025,31.713162,0.758667,0.010806,0.771933,0.151667,0.027828,0.152230,13.906867,0.270385,14.059554
2649,11.555543,2.331222,19.555667,0.629333,0.031843,0.642022,0.241733,0.015849,0.231365,12.688233,0.392071,12.383151,21.856088,2.700217,29.248893,0.791167,0.014393,0.776742,0.152833,0.028491,0.152381,13.885667,0.409644,14.016082
2674,17.044224,2.858187,18.927806,0.664333,0.037904,0.647600,0.214167,0.019416,0.227065,12.227900,0.396102,12.344338,29.895089,3.435870,29.410442,0.780467,0.013892,0.777673,0.155133,0.014688,0.153069,14.251067,0.215737,14.074828
2699,25.468270,2.730641,20.562922,0.625200,0.019916,0.642000,0.215367,0.006940,0.224141,12.449100,0.261221,12.370529,32.914112,7.034180,30.286360,0.802700,0.016043,0.783930,0.121700,0.006096,0.145227,14.149433,0.486224,14.093480
2724,26.215655,1.413704,21.976105,0.628367,0.025503,0.638592,0.213467,0.024932,0.221472,12.196067,0.362365,12.326913,35.756419,0.320580,31.653875,0.798033,0.038443,0.787456,0.155067,0.023482,0.147687,14.099433,0.283715,14.094968
2749,22.983478,1.510279,22.227948,0.617867,0.028049,0.633410,0.229433,0.026539,0.223462,12.219433,0.535399,12.300043,31.658546,4.634102,31.655042,0.775067,0.042097,0.784358,0.132233,0.010842,0.143823,14.194467,0.461096,14.119843
2774,13.993890,0.523734,20.169434,0.647267,0.017853,0.636874,0.232333,0.029025,0.225680,12.042900,0.525551,12.235757,31.028246,4.958189,31.498343,0.774867,0.023721,0.781985,0.137533,0.021585,0.142251,14.426400,0.236821,14.196482
2799,5.729781,2.423643,16.559521,0.629733,0.022499,0.635089,0.210533,0.028969,0.221893,11.878633,0.368894,12.146476,29.249650,1.305754,30.936170,0.799900,0.024517,0.786464,0.122367,0.022944,0.137280,14.362500,0.237371,14.237987
2824,11.725051,1.251321,15.350903,0.659767,0.020357,0.641259,0.187567,0.012825,0.213312,12.096700,0.459427,12.134032,33.153479,4.124681,31.490497,0.791967,0.012447,0.787840,0.148133,0.035144,0.139993,14.262833,0.499986,14.244198
2849,18.061364,0.706742,16.028518,0.638467,0.037254,0.640561,0.211700,0.020698,0.212909,12.149100,0.443387,12.137799,37.277732,5.269001,32.937306,0.803567,0.026126,0.791771,0.123233,0.009967,0.135803,14.421767,0.344018,14.288590
2874,22.492945,1.370384,17.644625,0.639467,0.039989,0.640287,0.212267,0.004462,0.212748,12.142567,0.415192,12.138991,40.107866,2.678824,34.729946,0.803167,0.024041,0.794620,0.147267,0.027149,0.138669,14.234700,0.560709,14.275118
2899,18.913291,1.286841,17.961792,0.663467,0.020266,0.646082,0.219600,0.015911,0.214461,12.296667,0.327565,12.178410,37.980676,4.628947,35.542628,0.791067,0.023633,0.793732,0.143933,0.036409,0.139985,14.359133,0.434726,14.296122
2924,12.113084,2.828124,16.499615,0.642567,0.037211,0.645203,0.225433,0.003535,0.217204,12.338900,0.325690,12.218532,34.638383,2.319559,35.316567,0.791900,0.024609,0.793274,0.143367,0.003349,0.140831,14.147300,0.570173,14.258916
2949,12.936430,1.104109,15.608819,0.633567,0.023975,0.642294,0.204067,0.009447,0.213920,12.446800,0.299384,12.275599,32.406460,2.589881,34.589040,0.794000,0.021376,0.793455,0.137100,0.042554,0.139898,14.259600,0.454230,14.259087
2974,16.483072,2.381072,15.827382,0.649133,0.031768,0.644004,0.216533,0.023310,0.214573,12.313667,0.540041,12.285116,33.179418,3.057793,34.236635,0.819433,0.029587,0.799950,0.128067,0.026438,0.136940,14.060600,0.357554,14.209465
2999,22.523292,1.573858,17.501359,0.654767,0.028501,0.646695,0.200200,0.024051,0.210980,12.388533,0.530417,12.310970,37.683171,2.353540,35.098269,0.794000,0.031910,0.798462,0.135967,0.024137,0.136697,14.227200,0.481379,14.213899
