episode,timesteps,is_best,mean_return,mean_return_smooth,success_rate,success_rate_smooth,collision_rate,collision_rate_smooth,mean_speed,mean_speed_smooth
9,9,0,-20.598511,-20.598511,0.293800,0.293800,0.654900,0.654900,20.321800,20.321800
19,19,0,-12.713050,-18.627146,0.327600,0.302250,0.594500,0.639800,20.442300,20.351925
29,29,0,-5.794514,-15.418988,0.367000,0.318438,0.669000,0.647100,20.376000,20.357944
39,39,0,-11.582433,-14.459849,0.323000,0.319578,0.627000,0.642075,20.439700,20.378383
49,49,0,-14.414439,-14.448497,0.392000,0.337684,0.619000,0.636306,20.414600,20.387437
59,59,0,-20.777993,-16.030871,0.379900,0.348238,0.612500,0.630355,20.515500,20.419453
69,69,0,-13.815777,-15.477097,0.422300,0.366753,0.557900,0.612241,20.391100,20.412365
79,79,0,-11.518957,-14.487562,0.404000,0.376065,0.608800,0.611381,20.465800,20.425723
89,89,0,-5.882022,-12.336177,0.369300,0.374374,0.560200,0.598586,20.466900,20.436018
99,99,0,-4.147982,-10.289128,0.425400,0.387130,0.519900,0.578914,20.423900,20.432988
109,109,0,-5.160271,-9.006914,0.406800,0.392048,0.604900,0.585411,20.464700,20.440916
119,119,0,2.560911,-6.114958,0.406400,0.395636,0.522400,0.569658,20.546200,20.467237
129,129,0,5.952888,-3.097996,0.404800,0.397927,0.567400,0.569093,20.537100,20.484703
139,139,0,-1.655507,-2.737374,0.482900,0.419170,0.570900,0.569545,20.572100,20.506552
149,149,0,-12.156450,-5.092143,0.434000,0.422878,0.468700,0.544334,20.562500,20.520539
159,159,0,-7.989894,-5.816581,0.437800,0.426608,0.512400,0.536350,20.599900,20.540379
169,169,0,-11.177584,-7.156832,0.445600,0.431356,0.540600,0.537413,20.558400,20.544884
179,179,0,-9.048577,-7.629768,0.447200,0.435317,0.561100,0.543335,20.488400,20.530763
189,189,0,-5.728065,-7.154342,0.453800,0.439938,0.493700,0.530926,20.570700,20.540748
199,199,0,-2.835934,-6.074740,0.529900,0.462428,0.538600,0.532844,20.504300,20.531636
209,209,0,3.120779,-3.775860,0.525700,0.478246,0.519700,0.529558,20.475000,20.517477
219,219,0,2.320356,-2.251806,0.501700,0.484110,0.492100,0.520194,20.449200,20.500408
229,229,0,-1.289379,-2.011199,0.457100,0.477357,0.517500,0.519520,20.490900,20.498031
239,239,0,-3.367278,-2.350219,0.461100,0.473293,0.474400,0.508240,20.514700,20.502198
249,249,0,-9.056592,-4.026812,0.470200,0.472520,0.483400,0.502030,20.487600,20.498548
259,259,0,-8.087310,-5.041937,0.458500,0.469015,0.476400,0.495623,20.388700,20.471086
269,269,0,-4.769698,-4.973877,0.530100,0.484286,0.426300,0.478292,20.563100,20.494090
279,279,0,0.624227,-3.574351,0.498600,0.487865,0.454500,0.472344,20.543600,20.506467
289,289,0,7.704749,-0.754576,0.430400,0.473498,0.459200,0.469058,20.660300,20.544926
299,299,0,5.725749,0.865505,0.518900,0.484849,0.421400,0.457143,20.600100,20.558719
309,309,0,11.469351,3.516467,0.454000,0.477137,0.445200,0.454158,20.529200,20.551339
319,319,0,12.394307,5.735927,0.477700,0.477277,0.429600,0.448018,20.673500,20.581880
329,329,0,8.043748,6.312882,0.499900,0.482933,0.468000,0.453014,20.650600,20.599060
339,339,0,3.676301,5.653737,0.521600,0.492600,0.480000,0.459760,20.617400,20.603645
349,349,0,-0.338250,4.155740,0.531500,0.502325,0.490900,0.467545,20.569900,20.595209
359,359,0,-4.036156,2.107766,0.531400,0.509594,0.447500,0.462534,20.554500,20.585031
369,369,0,1.788208,2.027877,0.501800,0.507645,0.438100,0.456425,20.651800,20.601724
379,379,0,0.250719,1.583587,0.532500,0.513859,0.478300,0.461894,20.580100,20.596318
389,389,0,11.189089,3.984963,0.516000,0.514394,0.419800,0.451371,20.510500,20.574863
399,399,0,6.594053,4.637235,0.506300,0.512371,0.458400,0.453128,20.593200,20.579447
409,409,0,3.794210,4.426479,0.554400,0.522878,0.505900,0.466321,20.568500,20.576711
419,419,0,7.369595,5.162258,0.530900,0.524883,0.435800,0.458691,20.557700,20.571958
429,429,0,7.867101,5.838469,0.549900,0.531138,0.429100,0.451293,20.588100,20.575993
439,439,0,-2.295650,3.804939,0.526500,0.529978,0.346300,0.425045,20.564600,20.573145
449,449,0,0.313833,2.932163,0.572100,0.540509,0.437800,0.428234,20.658900,20.594584
459,459,0,3.956291,3.188195,0.547200,0.542181,0.416500,0.425300,20.666600,20.612588
469,469,0,5.981696,3.886570,0.581600,0.552036,0.447900,0.430950,20.662400,20.625041
479,479,0,12.858039,6.129437,0.651100,0.576802,0.420400,0.428313,20.632000,20.626781
489,489,0,13.433025,7.955334,0.538400,0.567202,0.372000,0.414234,20.649300,20.632411
499,499,0,17.963500,10.457376,0.593900,0.573876,0.350600,0.398326,20.592100,20.622333
509,509,0,13.401031,11.193289,0.649000,0.592657,0.373900,0.392219,20.580300,20.611825
519,519,0,14.504343,12.021053,0.608800,0.596693,0.399700,0.394090,20.675700,20.627793
529,529,0,12.530420,12.148395,0.573600,0.590920,0.383000,0.391317,20.640200,20.630895
539,539,0,15.976749,13.105483,0.573700,0.586615,0.358600,0.383138,20.574500,20.616796
549,549,0,8.239853,11.889076,0.591300,0.587786,0.362800,0.378053,20.715900,20.641572
559,559,0,14.832677,12.624976,0.539700,0.575765,0.377800,0.377990,20.599200,20.630979
569,569,0,9.242288,11.779304,0.606500,0.583448,0.370200,0.376043,20.586700,20.619909
579,579,0,21.063622,14.100384,0.575800,0.581536,0.338400,0.366632,20.560100,20.604957
589,589,0,20.385351,15.671625,0.654600,0.599802,0.342100,0.360499,20.610900,20.606443
599,599,0,15.209005,15.555970,0.524300,0.580927,0.394100,0.368899,20.673600,20.623232
609,609,0,15.504532,15.543111,0.622100,0.591220,0.373800,0.370124,20.675300,20.636249
619,619,0,15.202211,15.457886,0.556200,0.582465,0.373400,0.370943,20.614500,20.630812
629,629,0,15.552943,15.481650,0.567200,0.578649,0.377800,0.372657,20.654000,20.636609
639,639,0,5.834413,13.069841,0.578500,0.578612,0.337800,0.363943,20.696800,20.651657
649,649,0,7.132109,11.585408,0.601500,0.584334,0.345600,0.359357,20.590200,20.636292
659,659,0,11.471003,11.556807,0.580500,0.583375,0.357100,0.358793,20.623100,20.632994
669,669,0,16.170924,12.710336,0.691800,0.610481,0.428300,0.376170,20.714100,20.653271
679,679,0,16.537734,13.667185,0.592900,0.606086,0.342100,0.367652,20.666500,20.656578
689,689,0,22.000082,15.750410,0.612200,0.607615,0.339800,0.360689,20.552200,20.630484
699,699,0,17.254278,16.126377,0.592100,0.603736,0.320500,0.350642,20.631600,20.630763
709,709,0,19.421293,16.950106,0.574100,0.596327,0.313200,0.341281,20.776600,20.667222
719,719,0,14.072791,16.230777,0.667300,0.614070,0.337300,0.340286,20.625500,20.656792
729,729,0,14.350321,15.760663,0.618300,0.615128,0.321700,0.335640,20.590500,20.640219
739,739,0,12.198858,14.870212,0.593300,0.609671,0.308100,0.328755,20.649100,20.642439
749,749,0,16.713715,15.331088,0.628400,0.614353,0.313000,0.324816,20.766800,20.673529
759,759,0,15.156902,15.287541,0.653500,0.624140,0.329500,0.325987,20.687300,20.676972
769,769,0,25.222574,17.771299,0.662500,0.633730,0.268600,0.311640,20.670700,20.675404
779,779,0,23.879966,19.298466,0.626700,0.631972,0.342900,0.319455,20.702200,20.682103
789,789,0,26.985367,21.220191,0.636100,0.633004,0.308200,0.316641,20.628300,20.668652
799,799,0,21.765084,21.356414,0.615400,0.628603,0.298700,0.312156,20.634600,20.660139
809,809,0,20.540261,21.152376,0.661100,0.636727,0.307800,0.311067,20.660200,20.660154
819,819,0,15.143875,19.650251,0.648200,0.639596,0.290900,0.306025,20.588100,20.642141
829,829,0,14.413613,18.341091,0.679900,0.649672,0.259800,0.294469,20.652400,20.644706
839,839,0,18.199002,18.305569,0.688500,0.659379,0.298700,0.295527,20.648700,20.645704
849,849,0,17.447665,18.091093,0.627800,0.651484,0.297200,0.295945,20.741300,20.669603
859,859,0,24.095425,19.592176,0.636700,0.647788,0.338300,0.306534,20.598300,20.651777
869,869,0,22.780399,20.389232,0.623000,0.641591,0.362400,0.320500,20.761800,20.679283
879,879,0,21.486060,20.663439,0.656700,0.645368,0.325400,0.321725,20.599100,20.659237
889,889,0,19.285441,20.318939,0.617000,0.638276,0.320600,0.321444,20.598900,20.644153
899,899,0,15.909754,19.216643,0.634700,0.637382,0.282100,0.311608,20.567300,20.624940
909,909,0,15.209686,18.214904,0.623500,0.633912,0.289000,0.305956,20.731300,20.651530
919,919,0,17.884880,18.132398,0.651400,0.638284,0.318800,0.309167,20.714000,20.667147
929,929,0,18.312230,18.177356,0.641100,0.638988,0.286000,0.303375,20.619300,20.655186
939,939,0,19.758557,18.572656,0.692600,0.652391,0.298900,0.302256,20.697100,20.665664
949,949,0,23.856012,19.893495,0.678600,0.658943,0.274800,0.295392,20.689800,20.671698
959,959,0,23.556541,20.809257,0.673100,0.662482,0.252400,0.284644,20.754900,20.692499
969,969,0,25.267646,21.923854,0.651000,0.659612,0.247500,0.275358,20.675600,20.688274
979,979,0,27.091280,23.215710,0.648800,0.656909,0.330500,0.289144,20.719500,20.696080
989,989,0,26.538992,24.046531,0.668100,0.659707,0.323900,0.297833,20.655800,20.686010
999,999,0,16.314283,22.113469,0.677600,0.664180,0.321000,0.303625,20.796100,20.713533
1009,1009,0,22.681895,22.255575,0.667900,0.665110,0.281100,0.297993,20.668100,20.702175
1019,1019,0,21.471134,22.059465,0.697200,0.673132,0.283000,0.294245,20.757000,20.715881
1029,1029,0,19.672302,21.462674,0.727400,0.686699,0.326600,0.302334,20.729500,20.719286
1039,1039,0,26.574846,22.740717,0.696300,0.689100,0.264000,0.292750,20.666300,20.706039
1049,1049,0,28.019760,24.060478,0.695900,0.690800,0.278800,0.289263,20.797000,20.728779
1059,1059,0,28.097539,25.069743,0.678800,0.687800,0.257200,0.281247,20.654100,20.710110
1069,1069,0,27.605017,25.703562,0.654100,0.679375,0.292100,0.283960,20.706800,20.709282
1079,1079,0,24.237225,25.336977,0.660100,0.674556,0.256800,0.277170,20.715000,20.710712
1089,1089,0,20.748204,24.189784,0.704800,0.682117,0.245100,0.269153,20.837100,20.742309
1099,1099,0,22.124383,23.673434,0.648300,0.673663,0.274200,0.270415,20.758300,20.746307
1109,1109,0,17.108262,22.032141,0.731800,0.688197,0.299600,0.277711,20.732100,20.742755
1119,1119,0,20.752254,21.712169,0.680800,0.686348,0.258500,0.272908,20.642000,20.717566
1129,1129,0,26.681091,22.954400,0.644700,0.675936,0.235800,0.263631,20.641400,20.698525
1139,1139,0,25.656840,23.630010,0.696700,0.681127,0.255700,0.261648,20.747800,20.710843
1149,1149,0,24.647171,23.884300,0.708900,0.688070,0.244600,0.257386,20.793200,20.731433
1159,1159,0,30.813280,25.616545,0.680000,0.686053,0.258400,0.257640,20.671800,20.716524
1169,1169,0,26.235289,25.771231,0.688800,0.686739,0.250500,0.255855,20.610400,20.689993
1179,1179,0,24.200417,25.378528,0.702400,0.690655,0.262400,0.257491,20.814900,20.721220
1189,1189,0,24.482955,25.154634,0.667400,0.684841,0.256800,0.257318,20.759000,20.730665
1199,1199,0,13.965209,22.357278,0.702100,0.689156,0.247700,0.254914,20.716400,20.727099
1209,1209,0,18.454035,21.381467,0.723400,0.697717,0.250300,0.253760,20.630800,20.703024
1219,1219,0,23.306292,21.862673,0.691500,0.696163,0.323600,0.271220,20.741300,20.712593
1229,1229,0,26.114658,22.925670,0.697500,0.696497,0.272500,0.271540,20.668900,20.701670
1239,1239,0,29.216412,24.498355,0.728200,0.704423,0.279900,0.273630,20.809400,20.728602
1249,1249,0,32.184788,26.419963,0.695900,0.702292,0.264600,0.271373,20.654400,20.710052
1259,1259,0,27.508122,26.692003,0.707100,0.703494,0.190300,0.251104,20.730400,20.715139
1269,1269,0,31.934007,28.002504,0.714100,0.706146,0.302700,0.264003,20.775800,20.730304
1279,1279,0,27.413335,27.855212,0.738700,0.714284,0.278300,0.267578,20.787600,20.744628
1289,1289,0,21.812704,26.344585,0.685500,0.707088,0.280200,0.270733,20.905800,20.784921
1299,1299,0,20.962351,24.999026,0.680100,0.700341,0.243700,0.263975,20.701100,20.763966
1309,1309,0,22.547315,24.386099,0.706200,0.701806,0.216700,0.252156,20.888100,20.794999
1319,1319,0,28.427050,25.396336,0.689200,0.698654,0.212800,0.242317,20.756400,20.785350
1329,1329,0,32.660025,27.212259,0.749700,0.711416,0.254100,0.245263,20.863800,20.804962
1339,1339,0,29.122019,27.689699,0.698000,0.708062,0.220500,0.239072,20.704900,20.779947
1349,1349,0,27.427705,27.624200,0.755300,0.719871,0.276400,0.248404,20.770800,20.777660
1359,1359,0,27.030069,27.475667,0.751800,0.727854,0.236300,0.245378,20.713800,20.761695
1369,1369,0,25.889636,27.079160,0.697800,0.720340,0.230200,0.241584,20.795200,20.770071
1379,1379,0,26.044869,26.820587,0.680000,0.710255,0.250500,0.243813,20.738300,20.762128
1389,1389,0,20.098901,25.140165,0.730400,0.715291,0.262800,0.248559,20.794700,20.770271
1399,1399,0,21.719952,24.285112,0.732700,0.719643,0.249600,0.248820,20.702100,20.753228
1409,1409,0,23.338129,24.048366,0.720800,0.719933,0.208400,0.238715,20.737700,20.749346
1419,1419,0,24.853954,24.249763,0.730900,0.722674,0.242200,0.239586,20.780500,20.757135
1429,1429,0,23.612141,24.090358,0.708200,0.719056,0.197100,0.228965,20.786500,20.764476
1439,1439,0,27.896969,25.042011,0.758700,0.728967,0.220300,0.226798,20.851900,20.786332
1449,1449,0,30.032593,26.289656,0.692400,0.719825,0.238300,0.229674,20.699800,20.764699
1459,1459,0,26.678854,26.386956,0.713300,0.718194,0.233100,0.230530,20.719900,20.753499
1469,1469,0,23.245857,25.601681,0.723300,0.719470,0.210800,0.225598,20.724800,20.746324
1479,1479,0,20.517785,24.330707,0.706500,0.716228,0.268800,0.236398,20.779100,20.754518
1489,1489,0,23.537677,24.132449,0.714300,0.715746,0.214100,0.230824,20.782100,20.761414
1499,1499,0,20.764898,23.290562,0.715200,0.715609,0.289500,0.245493,20.851700,20.783985
1509,1509,0,29.376742,24.812107,0.716200,0.715757,0.212300,0.237195,20.721000,20.768239
1519,1519,0,26.029113,25.116358,0.740200,0.721868,0.175200,0.221696,20.702400,20.751779
1529,1529,0,38.279864,28.407235,0.726200,0.722951,0.241900,0.226747,20.660700,20.729009
1539,1539,0,30.605749,28.956863,0.737400,0.726563,0.222300,0.225635,20.793000,20.745007
1549,1549,0,30.941224,29.452953,0.730700,0.727597,0.193700,0.217651,20.919400,20.788605
1559,1559,0,29.213297,29.393039,0.696000,0.719698,0.244000,0.224239,20.732900,20.774679
1569,1569,0,25.294689,28.368452,0.773700,0.733199,0.190300,0.215754,20.780000,20.776009
1579,1579,0,22.938606,27.010990,0.718000,0.729399,0.242200,0.222365,20.786400,20.778607
1589,1589,0,26.321419,26.838597,0.725500,0.728424,0.195700,0.215699,20.713500,20.762330
1599,1599,0,23.809246,26.081260,0.746000,0.732818,0.208900,0.213999,20.800600,20.771898
1609,1609,0,29.780469,27.006062,0.729200,0.731914,0.241100,0.220774,20.756000,20.767923
1619,1619,0,33.446092,28.616069,0.744000,0.734935,0.213900,0.219056,20.817300,20.780267
1629,1629,0,31.439523,29.321933,0.750400,0.738801,0.194000,0.212792,20.747200,20.772001
1639,1639,0,32.869862,30.208915,0.752200,0.742151,0.213200,0.212894,20.846800,20.790700
1649,1649,0,26.886859,29.378401,0.763000,0.747363,0.229100,0.216945,20.829500,20.800400
1659,1659,0,24.403116,28.134580,0.739100,0.745297,0.211000,0.215459,20.816600,20.804450
1669,1669,0,22.836480,26.810055,0.772600,0.752123,0.207500,0.213469,20.790200,20.800888
1679,1679,0,22.370606,25.700193,0.719000,0.743842,0.241600,0.220502,20.769200,20.792966
1689,1689,0,21.266961,24.591885,0.747800,0.744832,0.228600,0.222526,20.865100,20.810999
1699,1699,0,25.279363,24.763754,0.753800,0.747074,0.217700,0.221320,20.829800,20.815699
1709,1709,0,28.416818,25.677020,0.714800,0.739005,0.230400,0.223590,20.741000,20.797025
1719,1719,0,31.956512,27.246893,0.728000,0.736254,0.250200,0.230242,20.888300,20.819843
1729,1729,0,32.574605,28.578821,0.750800,0.739891,0.205800,0.224132,20.762900,20.805608
1739,1739,0,32.740713,29.619294,0.747200,0.741718,0.189400,0.215449,20.843000,20.814956
1749,1749,0,28.023071,29.220238,0.767200,0.748088,0.233100,0.219862,20.821200,20.816517
1759,1759,0,27.811516,28.868058,0.749900,0.748541,0.199700,0.214821,20.757800,20.801838
1769,1769,0,24.134771,27.684736,0.727200,0.743206,0.214700,0.214791,20.765200,20.792678
1779,1779,0,25.569413,27.155905,0.715600,0.736304,0.188000,0.208093,20.846800,20.806209
1789,1789,0,29.949235,27.854238,0.744200,0.738278,0.240700,0.216245,20.796700,20.803831
1799,1799,0,30.652757,28.553868,0.733100,0.736984,0.179100,0.206959,20.862700,20.818549
1809,1809,0,33.036439,29.674510,0.763100,0.743513,0.155800,0.194169,20.817100,20.818186
1819,1819,0,31.362828,30.096590,0.756500,0.746760,0.206400,0.197227,20.838600,20.823290
1829,1829,0,28.033442,29.580803,0.747600,0.746970,0.167800,0.189870,20.766200,20.809017
1839,1839,0,26.842569,28.896244,0.747600,0.747127,0.218400,0.197003,20.862300,20.822338
1849,1849,0,27.991270,28.670001,0.759900,0.750320,0.210200,0.200302,20.752600,20.804904
1859,1859,0,23.141053,27.287764,0.759200,0.752540,0.232300,0.208301,20.849100,20.815953
1869,1869,0,26.446862,27.077538,0.744700,0.750580,0.214700,0.209901,20.818300,20.816539
1879,1879,0,23.355012,26.146907,0.772900,0.756160,0.217100,0.211701,20.817400,20.816755
1889,1889,0,27.452956,26.473419,0.757800,0.756570,0.271600,0.226676,20.783800,20.808516
1899,1899,0,30.552913,27.493293,0.785600,0.763828,0.214200,0.223557,20.756800,20.795587
1909,1909,0,32.418000,28.724469,0.785400,0.769221,0.197000,0.216918,20.849800,20.809140
1919,1919,0,32.163603,29.584253,0.748100,0.763941,0.188100,0.209713,20.757400,20.796205
1929,1929,0,31.121495,29.968563,0.713500,0.751330,0.195900,0.206260,20.735400,20.781004
1939,1939,0,26.071370,28.994265,0.702500,0.739123,0.169700,0.197120,20.781900,20.781228
1949,1949,0,24.154174,27.784242,0.750300,0.741917,0.273200,0.216140,20.882600,20.806571
1959,1959,0,25.072397,27.106281,0.759400,0.746288,0.250400,0.224705,20.927800,20.836878
1969,1969,0,26.835410,27.038563,0.748000,0.746716,0.212900,0.221754,20.775700,20.821584
1979,1979,0,29.015804,27.532873,0.757700,0.749462,0.227600,0.223215,20.770900,20.808913
1989,1989,0,31.133753,28.433093,0.760500,0.752221,0.226700,0.224086,20.799200,20.806485
1999,1999,0,33.025833,29.581278,0.748500,0.751291,0.198200,0.217615,20.783400,20.800713
2009,2009,0,34.473642,30.804369,0.780500,0.758593,0.213300,0.216536,20.785000,20.796785
2019,2019,0,31.713377,31.031621,0.746900,0.755670,0.228600,0.219552,20.800900,20.797814
2029,2029,0,25.901425,29.749072,0.745000,0.753002,0.173400,0.208014,20.809200,20.800660
2039,2039,0,25.589093,28.709077,0.754300,0.753327,0.237200,0.215311,20.869700,20.817920
2049,2049,0,25.918316,28.011387,0.737600,0.749395,0.184900,0.207708,20.785100,20.809715
2059,2059,0,27.945463,27.994906,0.782000,0.757546,0.201500,0.206156,20.802300,20.807861
2069,2069,0,31.120601,28.776330,0.759700,0.758085,0.180700,0.199792,20.811700,20.808821
2079,2079,0,28.419059,28.687012,0.747700,0.755489,0.200500,0.199969,20.779300,20.801441
2089,2089,0,32.496775,29.639453,0.766900,0.758341,0.171800,0.192927,20.849700,20.813506
2099,2099,0,29.245667,29.541006,0.771600,0.761656,0.215900,0.198670,20.689700,20.782554
2109,2109,0,29.141396,29.441104,0.793700,0.769667,0.203500,0.199878,20.771500,20.779791
2119,2119,0,29.597498,29.480202,0.754900,0.765975,0.234400,0.208508,20.743900,20.770818
2129,2129,0,25.528565,28.492293,0.778800,0.769181,0.208200,0.208431,20.830900,20.785838
2139,2139,0,20.652634,26.532378,0.792000,0.774886,0.214900,0.210048,20.848800,20.801579
2149,2149,0,24.608590,26.051431,0.767000,0.772915,0.200500,0.207661,20.802600,20.801834
2159,2159,0,29.008584,26.790719,0.785400,0.776036,0.181000,0.200996,20.789100,20.798651
2169,2169,0,25.782428,26.538647,0.784600,0.778177,0.224700,0.206922,20.922600,20.829638
2179,2179,0,29.502470,27.279602,0.741500,0.769008,0.202800,0.205891,20.780000,20.817228
2189,2189,0,33.137238,28.744011,0.760700,0.766931,0.225600,0.210819,20.904200,20.838971
2199,2199,0,32.925834,29.789467,0.766400,0.766798,0.197400,0.207464,20.773900,20.822704
2209,2209,0,26.567190,28.983898,0.755100,0.763874,0.182200,0.201148,20.873000,20.835278
2219,2219,0,31.673723,29.656354,0.700000,0.747905,0.189100,0.198136,20.788600,20.823608
2229,2229,0,29.677801,29.661716,0.720900,0.741154,0.215100,0.202377,20.739700,20.802631
2239,2239,0,26.397845,28.845748,0.716500,0.734990,0.208200,0.203833,20.914800,20.830673
2249,2249,0,28.751737,28.822245,0.764600,0.742393,0.198900,0.202600,20.856700,20.837180
2259,2259,0,29.253901,28.930159,0.764200,0.747845,0.214700,0.205625,20.915500,20.856760
2269,2269,0,32.167876,29.739588,0.763400,0.751733,0.220000,0.209218,20.815400,20.846420
2279,2279,0,33.090131,30.577224,0.765600,0.755200,0.194600,0.205564,20.904500,20.860940
2289,2289,0,35.459157,31.797707,0.760000,0.756400,0.239300,0.213998,20.835400,20.854555
2299,2299,0,29.574186,31.241827,0.766000,0.758800,0.185200,0.206798,20.744400,20.827016
2309,2309,0,30.134296,30.964944,0.747500,0.755975,0.191300,0.202924,20.863400,20.836112
2319,2319,0,27.577154,30.117997,0.751200,0.754781,0.215500,0.206068,20.756100,20.816109
2329,2329,0,23.527385,28.470344,0.776500,0.760211,0.169100,0.196826,20.800200,20.812132
2339,2339,0,25.602770,27.753450,0.729400,0.752508,0.205100,0.198894,20.740200,20.794149
2349,2349,0,30.312982,28.393333,0.747500,0.751256,0.199600,0.199071,20.852700,20.808787
2359,2359,0,26.415014,27.898753,0.747300,0.750267,0.216100,0.203328,20.824500,20.812715
2369,2369,0,32.666137,29.090599,0.789500,0.760075,0.210400,0.205096,20.890300,20.832111
2379,2379,0,33.024365,30.074041,0.758700,0.759732,0.196500,0.202947,20.833400,20.832433
2389,2389,0,28.493959,29.679020,0.760400,0.759899,0.201500,0.202585,20.777200,20.818625
2399,2399,0,31.093749,30.032702,0.787100,0.766699,0.217900,0.206414,20.820100,20.818994
2409,2409,0,28.542197,29.660076,0.782200,0.770574,0.174800,0.198510,20.863600,20.830145
2419,2419,0,26.365798,28.836507,0.749100,0.765206,0.187700,0.195808,20.822500,20.828234
2429,2429,0,24.122964,27.658121,0.773900,0.767379,0.187700,0.193781,20.895600,20.845076
2439,2439,0,27.320038,27.573600,0.766100,0.767059,0.174300,0.188911,20.713700,20.812232
2449,2449,0,27.514741,27.558885,0.746600,0.761945,0.234000,0.200183,20.735200,20.792974
2459,2459,0,31.027148,28.425951,0.756000,0.760458,0.203200,0.200937,20.846000,20.806230
2469,2469,0,31.576932,29.213696,0.752800,0.758544,0.202900,0.201428,20.795800,20.803623
2479,2479,0,31.722773,29.840965,0.762600,0.759558,0.174200,0.194621,20.843900,20.813692
2489,2489,0,29.878819,29.850429,0.732100,0.752693,0.189100,0.193241,20.831600,20.818169
2499,2499,0,29.857823,29.852277,0.795300,0.763345,0.167700,0.186856,20.892700,20.836802
2509,2509,0,27.027954,29.146197,0.769600,0.764909,0.183700,0.186067,20.825400,20.833951
2519,2519,0,30.773191,29.552945,0.779100,0.768457,0.186400,0.186150,20.837100,20.834738
2529,2529,0,27.259032,28.979467,0.775100,0.770117,0.177500,0.183987,20.852400,20.839154
2539,2539,0,30.325678,29.316020,0.731100,0.760363,0.164400,0.179091,20.930100,20.861890
2549,2549,0,30.333774,29.570458,0.802500,0.770897,0.201400,0.184668,20.870200,20.863968
2559,2559,0,33.338392,30.512442,0.755600,0.767073,0.184400,0.184601,20.815600,20.851876
2569,2569,0,32.006725,30.886013,0.811000,0.778055,0.186100,0.184976,20.781400,20.834257
2579,2579,0,32.540241,31.299570,0.749700,0.770966,0.167700,0.180657,20.856400,20.839793
2589,2589,0,30.293885,31.048148,0.756000,0.767225,0.170200,0.178043,20.806700,20.831520
2599,2599,0,30.729655,30.968525,0.752700,0.763593,0.198000,0.183032,20.796700,20.822815
2609,2609,0,26.311699,29.804319,0.747000,0.759445,0.186500,0.183899,20.796900,20.816336
2619,2619,0,27.276690,29.172411,0.771900,0.762559,0.205300,0.189249,20.831800,20.820202
2629,2629,0,29.440338,29.239393,0.761800,0.762369,0.185600,0.188337,20.849600,20.827551
2639,2639,0,29.062705,29.195221,0.802600,0.772427,0.190600,0.188903,20.866600,20.837314
2649,2649,0,30.458898,29.511140,0.793000,0.777570,0.176900,0.185902,20.851600,20.840885
2659,2659,0,30.031326,29.641187,0.795300,0.782003,0.182400,0.185027,20.837800,20.840114
2669,2669,0,31.750418,30.168495,0.757700,0.775927,0.185100,0.185045,20.878300,20.849660
2679,2679,0,28.119432,29.656229,0.781200,0.777245,0.204400,0.189884,20.839700,20.847170
2689,2689,0,27.443452,29.103035,0.762600,0.773584,0.173800,0.185863,20.865200,20.851678
2699,2699,0,29.131425,29.110132,0.804600,0.781338,0.194100,0.187922,20.869000,20.856008
2709,2709,0,25.833183,28.290895,0.778900,0.780728,0.194000,0.189442,20.843300,20.852831
2719,2719,0,28.409990,28.320669,0.783500,0.781421,0.171200,0.184881,20.850400,20.852223
2729,2729,0,30.408886,28.842723,0.777200,0.780366,0.209500,0.191036,20.816300,20.843243
2739,2739,0,31.175506,29.425919,0.749900,0.772750,0.184800,0.189477,20.862400,20.848032
2749,2749,0,32.053299,30.082764,0.757900,0.769037,0.202900,0.192833,20.849400,20.848374
2759,2759,0,34.300084,31.137094,0.765400,0.768128,0.171600,0.187525,20.892300,20.859355
2769,2769,0,30.682429,31.023428,0.782700,0.771771,0.173000,0.183893,20.835800,20.853467
2779,2779,0,31.171128,31.060353,0.762200,0.769378,0.203200,0.188720,20.831800,20.848050
2789,2789,0,29.966283,30.786835,0.769400,0.769384,0.182500,0.187165,20.898900,20.860762
2799,2799,0,29.176229,30.384184,0.782600,0.772688,0.200100,0.190399,20.873200,20.863872
2809,2809,0,27.964126,29.779169,0.780300,0.774591,0.197300,0.192124,20.831300,20.855729
2819,2819,0,27.661495,29.249751,0.753100,0.769218,0.193400,0.192443,20.835300,20.850622
2829,2829,0,28.210539,28.989948,0.779100,0.771689,0.188000,0.191332,20.751900,20.825941
2839,2839,0,30.305940,29.318946,0.769800,0.771216,0.176700,0.187674,20.838700,20.829131
2849,2849,0,32.296652,30.063372,0.734700,0.762087,0.182000,0.186256,20.837800,20.831298
2859,2859,0,32.495411,30.671382,0.769400,0.763915,0.196700,0.188867,20.813500,20.826849
2869,2869,0,30.453457,30.616901,0.773800,0.766387,0.177900,0.186125,20.814400,20.823736
2879,2879,0,27.352171,29.800718,0.771700,0.767715,0.155400,0.178444,20.876900,20.837027
2889,2889,0,23.739374,28.285382,0.756800,0.764986,0.207900,0.185808,20.904000,20.853771
2899,2899,0,25.469103,27.581312,0.766200,0.765290,0.155300,0.178181,20.706800,20.817028
2909,2909,0,27.479174,27.555778,0.788400,0.771067,0.189800,0.181086,20.792100,20.810796
2919,2919,0,27.931906,27.649810,0.763600,0.769200,0.191500,0.183689,20.854100,20.821622
2929,2929,0,29.789661,28.184773,0.800200,0.776950,0.173300,0.181092,20.929400,20.848566
2939,2939,0,33.412577,29.491724,0.778800,0.777413,0.201500,0.186194,20.836800,20.845625
2949,2949,0,31.899048,30.093555,0.772200,0.776110,0.174300,0.183220,20.871300,20.852044
2959,2959,0,31.675104,30.488942,0.758700,0.771757,0.171800,0.180365,20.901700,20.864458
2969,2969,0,28.829650,30.074119,0.753600,0.767218,0.190300,0.182849,20.802800,20.849043
2979,2979,0,31.169517,30.347969,0.755700,0.764338,0.170600,0.179787,20.898600,20.861432
2989,2989,0,28.790889,29.958699,0.781400,0.768604,0.202400,0.185440,20.857500,20.860449
2999,2999,0,28.403529,29.569906,0.774100,0.769978,0.170800,0.181780,20.907300,20.872162
